Filename;Annotation tag;Upper left corner X;Upper left corner Y;Lower right corner X;Lower right corner Y;Occluded,On another road;Origin file;Origin frame number;Origin track;Origin track frame number
pedestrian_1323816399.avi_image0.png;pedestrianCrossing;550;273;579;306;0,0;vid2/vid_cmp2.avi;419;pedestrian_1323816399.avi;2
pedestrian_1323816399.avi_image1.png;pedestrianCrossing;555;269;581;302;0,0;vid2/vid_cmp2.avi;424;pedestrian_1323816399.avi;7
pedestrian_1323816399.avi_image2.png;pedestrianCrossing;557;264;584;299;0,0;vid2/vid_cmp2.avi;429;pedestrian_1323816399.avi;12
pedestrian_1323816399.avi_image3.png;pedestrianCrossing;559;261;588;297;0,0;vid2/vid_cmp2.avi;434;pedestrian_1323816399.avi;17
pedestrian_1323816399.avi_image4.png;pedestrianCrossing;565;258;591;294;0,0;vid2/vid_cmp2.avi;439;pedestrian_1323816399.avi;22
pedestrian_1323816399.avi_image5.png;pedestrianCrossing;571;262;599;299;0,0;vid2/vid_cmp2.avi;444;pedestrian_1323816399.avi;27
pedestrian_1323816399.avi_image6.png;pedestrianCrossing;580;266;607;303;0,0;vid2/vid_cmp2.avi;449;pedestrian_1323816399.avi;32
pedestrian_1323816399.avi_image7.png;pedestrianCrossing;582;266;612;309;0,0;vid2/vid_cmp2.avi;454;pedestrian_1323816399.avi;37
pedestrian_1323816399.avi_image8.png;pedestrianCrossing;589;265;619;308;0,0;vid2/vid_cmp2.avi;459;pedestrian_1323816399.avi;42
pedestrian_1323816399.avi_image9.png;pedestrianCrossing;594;265;625;309;0,0;vid2/vid_cmp2.avi;464;pedestrian_1323816399.avi;47
pedestrian_1323816399.avi_image10.png;pedestrianCrossing;606;262;637;306;0,0;vid2/vid_cmp2.avi;469;pedestrian_1323816399.avi;52
pedestrian_1323816399.avi_image11.png;pedestrianCrossing;617;255;648;299;0,0;vid2/vid_cmp2.avi;474;pedestrian_1323816399.avi;57
pedestrian_1323816399.avi_image12.png;pedestrianCrossing;628;256;661;305;0,0;vid2/vid_cmp2.avi;479;pedestrian_1323816399.avi;62
pedestrian_1323816399.avi_image13.png;pedestrianCrossing;643;256;676;313;0,0;vid2/vid_cmp2.avi;484;pedestrian_1323816399.avi;67
pedestrian_1323816399.avi_image14.png;pedestrianCrossing;658;251;691;308;0,0;vid2/vid_cmp2.avi;489;pedestrian_1323816399.avi;72
stop_1323816428.avi_image0.png;stop;41;310;62;329;0,0;vid2/vid_cmp2.avi;1085;stop_1323816428.avi;2
stop_1323816428.avi_image1.png;stop;59;306;79;326;0,0;vid2/vid_cmp2.avi;1090;stop_1323816428.avi;7
stop_1323816428.avi_image2.png;stop;76;306;96;326;0,0;vid2/vid_cmp2.avi;1095;stop_1323816428.avi;12
stop_1323816428.avi_image3.png;stop;92;306;115;328;0,0;vid2/vid_cmp2.avi;1100;stop_1323816428.avi;17
stop_1323816428.avi_image4.png;stop;111;305;134;327;0,0;vid2/vid_cmp2.avi;1105;stop_1323816428.avi;22
stop_1323816428.avi_image5.png;stop;134;301;157;323;0,0;vid2/vid_cmp2.avi;1110;stop_1323816428.avi;27
stop_1323816428.avi_image6.png;stop;161;299;186;323;0,0;vid2/vid_cmp2.avi;1115;stop_1323816428.avi;32
stop_1323816428.avi_image7.png;stop;192;299;219;324;0,0;vid2/vid_cmp2.avi;1120;stop_1323816428.avi;37
stop_1323816428.avi_image8.png;stop;223;295;249;321;0,0;vid2/vid_cmp2.avi;1125;stop_1323816428.avi;42
stop_1323816428.avi_image9.png;stop;253;293;281;319;0,0;vid2/vid_cmp2.avi;1130;stop_1323816428.avi;47
stop_1323816428.avi_image10.png;stop;283;288;311;315;0,0;vid2/vid_cmp2.avi;1135;stop_1323816428.avi;52
stop_1323816428.avi_image11.png;stop;313;284;343;312;0,0;vid2/vid_cmp2.avi;1140;stop_1323816428.avi;57
stop_1323816428.avi_image12.png;stop;340;279;375;308;0,0;vid2/vid_cmp2.avi;1145;stop_1323816428.avi;62
stop_1323816428.avi_image13.png;stop;370;272;406;302;0,0;vid2/vid_cmp2.avi;1150;stop_1323816428.avi;67
stop_1323816428.avi_image14.png;stop;401;264;438;297;0,0;vid2/vid_cmp2.avi;1155;stop_1323816428.avi;72
stop_1323816428.avi_image15.png;stop;433;258;474;293;0,0;vid2/vid_cmp2.avi;1160;stop_1323816428.avi;77
stop_1323816428.avi_image16.png;stop;468;251;511;288;0,0;vid2/vid_cmp2.avi;1165;stop_1323816428.avi;82
stop_1323816428.avi_image17.png;stop;503;240;549;280;0,0;vid2/vid_cmp2.avi;1170;stop_1323816428.avi;87
stop_1323816428.avi_image18.png;stop;542;230;590;272;0,0;vid2/vid_cmp2.avi;1175;stop_1323816428.avi;92
stop_1323816428.avi_image19.png;stop;586;218;637;264;0,0;vid2/vid_cmp2.avi;1180;stop_1323816428.avi;97
stop_1323816428.avi_image20.png;stop;632;202;686;252;0,0;vid2/vid_cmp2.avi;1185;stop_1323816428.avi;102
stop_1323816448.avi_image0.png;stop;153;307;171;324;0,0;vid2/vid_cmp2.avi;1546;stop_1323816448.avi;2
stop_1323816448.avi_image1.png;stop;151;307;169;324;0,0;vid2/vid_cmp2.avi;1552;stop_1323816448.avi;8
stop_1323816448.avi_image2.png;stop;152;300;171;319;0,0;vid2/vid_cmp2.avi;1558;stop_1323816448.avi;14
stop_1323816448.avi_image3.png;stop;155;294;174;313;0,0;vid2/vid_cmp2.avi;1564;stop_1323816448.avi;20
stop_1323816448.avi_image4.png;stop;160;297;179;316;0,0;vid2/vid_cmp2.avi;1570;stop_1323816448.avi;26
stop_1323816448.avi_image5.png;stop;165;299;186;319;0,0;vid2/vid_cmp2.avi;1576;stop_1323816448.avi;32
stop_1323816448.avi_image6.png;stop;173;299;194;319;0,0;vid2/vid_cmp2.avi;1582;stop_1323816448.avi;38
stop_1323816448.avi_image7.png;stop;178;298;199;318;0,0;vid2/vid_cmp2.avi;1588;stop_1323816448.avi;44
stop_1323816448.avi_image8.png;stop;185;296;206;317;0,0;vid2/vid_cmp2.avi;1594;stop_1323816448.avi;50
stop_1323816448.avi_image9.png;stop;189;295;211;317;0,0;vid2/vid_cmp2.avi;1600;stop_1323816448.avi;56
stop_1323816448.avi_image10.png;stop;190;294;214;317;0,0;vid2/vid_cmp2.avi;1606;stop_1323816448.avi;62
stop_1323816448.avi_image11.png;stop;190;293;216;317;0,0;vid2/vid_cmp2.avi;1612;stop_1323816448.avi;68
stop_1323816448.avi_image12.png;stop;191;293;217;317;0,0;vid2/vid_cmp2.avi;1618;stop_1323816448.avi;74
stop_1323816448.avi_image13.png;stop;194;293;220;317;0,0;vid2/vid_cmp2.avi;1624;stop_1323816448.avi;80
stop_1323816448.avi_image14.png;stop;200;293;226;317;0,0;vid2/vid_cmp2.avi;1630;stop_1323816448.avi;86
stop_1323816448.avi_image15.png;stop;210;293;237;320;0,0;vid2/vid_cmp2.avi;1636;stop_1323816448.avi;92
stop_1323816448.avi_image16.png;stop;223;292;254;320;0,0;vid2/vid_cmp2.avi;1642;stop_1323816448.avi;98
stop_1323816448.avi_image17.png;stop;246;289;277;318;0,0;vid2/vid_cmp2.avi;1648;stop_1323816448.avi;104
stop_1323816448.avi_image18.png;stop;270;288;304;318;0,0;vid2/vid_cmp2.avi;1654;stop_1323816448.avi;110
stop_1323816448.avi_image19.png;stop;295;286;330;317;0,0;vid2/vid_cmp2.avi;1660;stop_1323816448.avi;116
stop_1323816448.avi_image20.png;stop;322;280;358;312;0,0;vid2/vid_cmp2.avi;1666;stop_1323816448.avi;122
stop_1323816448.avi_image21.png;stop;348;275;386;309;0,0;vid2/vid_cmp2.avi;1672;stop_1323816448.avi;128
stop_1323816448.avi_image22.png;stop;380;275;419;311;0,0;vid2/vid_cmp2.avi;1678;stop_1323816448.avi;134
stop_1323816448.avi_image23.png;stop;412;272;454;311;0,0;vid2/vid_cmp2.avi;1684;stop_1323816448.avi;140
stop_1323816448.avi_image24.png;stop;445;267;489;307;0,0;vid2/vid_cmp2.avi;1690;stop_1323816448.avi;146
stop_1323816448.avi_image25.png;stop;477;263;523;306;0,0;vid2/vid_cmp2.avi;1696;stop_1323816448.avi;152
stop_1323816448.avi_image26.png;stop;510;261;559;306;0,0;vid2/vid_cmp2.avi;1702;stop_1323816448.avi;158
stop_1323816448.avi_image27.png;stop;544;255;595;302;0,0;vid2/vid_cmp2.avi;1708;stop_1323816448.avi;164
stop_1323816448.avi_image28.png;stop;581;243;637;296;1,0;vid2/vid_cmp2.avi;1714;stop_1323816448.avi;170
stop_1323816448.avi_image29.png;stop;625;234;685;291;0,0;vid2/vid_cmp2.avi;1720;stop_1323816448.avi;176
stop_1323816483.avi_image0.png;stop;375;316;384;324;0,0;vid2/vid_cmp2.avi;2361;stop_1323816483.avi;2
stop_1323816483.avi_image1.png;stop;378;323;388;332;0,0;vid2/vid_cmp2.avi;2373;stop_1323816483.avi;14
stop_1323816483.avi_image2.png;stop;381;301;392;311;0,0;vid2/vid_cmp2.avi;2385;stop_1323816483.avi;26
stop_1323816483.avi_image3.png;stop;389;326;400;336;0,0;vid2/vid_cmp2.avi;2397;stop_1323816483.avi;38
stop_1323816483.avi_image4.png;stop;393;326;404;336;0,0;vid2/vid_cmp2.avi;2409;stop_1323816483.avi;50
stop_1323816483.avi_image5.png;stop;393;317;404;327;0,0;vid2/vid_cmp2.avi;2421;stop_1323816483.avi;62
stop_1323816483.avi_image6.png;stop;392;324;403;334;0,0;vid2/vid_cmp2.avi;2433;stop_1323816483.avi;74
stop_1323816483.avi_image7.png;stop;390;318;401;328;0,0;vid2/vid_cmp2.avi;2445;stop_1323816483.avi;86
stop_1323816483.avi_image8.png;stop;388;317;400;328;0,0;vid2/vid_cmp2.avi;2457;stop_1323816483.avi;98
stop_1323816483.avi_image9.png;stop;389;327;401;338;0,0;vid2/vid_cmp2.avi;2469;stop_1323816483.avi;110
stop_1323816483.avi_image10.png;stop;389;321;401;332;0,0;vid2/vid_cmp2.avi;2481;stop_1323816483.avi;122
stop_1323816483.avi_image11.png;stop;388;316;401;328;0,0;vid2/vid_cmp2.avi;2493;stop_1323816483.avi;134
stop_1323816483.avi_image12.png;stop;388;316;401;328;0,0;vid2/vid_cmp2.avi;2505;stop_1323816483.avi;146
stop_1323816483.avi_image13.png;stop;385;312;398;325;0,0;vid2/vid_cmp2.avi;2517;stop_1323816483.avi;158
stop_1323816483.avi_image14.png;stop;385;312;398;327;0,0;vid2/vid_cmp2.avi;2529;stop_1323816483.avi;170
stop_1323816483.avi_image15.png;stop;389;302;403;319;0,0;vid2/vid_cmp2.avi;2541;stop_1323816483.avi;182
stop_1323816483.avi_image16.png;stop;397;311;412;328;0,0;vid2/vid_cmp2.avi;2553;stop_1323816483.avi;194
stop_1323816483.avi_image17.png;stop;403;302;418;319;0,0;vid2/vid_cmp2.avi;2565;stop_1323816483.avi;206
stop_1323816483.avi_image18.png;stop;409;298;427;316;0,0;vid2/vid_cmp2.avi;2577;stop_1323816483.avi;218
stop_1323816483.avi_image19.png;stop;418;303;436;321;0,0;vid2/vid_cmp2.avi;2589;stop_1323816483.avi;230
stop_1323816483.avi_image20.png;stop;426;289;446;308;0,0;vid2/vid_cmp2.avi;2601;stop_1323816483.avi;242
stop_1323816483.avi_image21.png;stop;437;291;460;313;0,0;vid2/vid_cmp2.avi;2613;stop_1323816483.avi;254
stop_1323816483.avi_image22.png;stop;450;286;473;308;0,0;vid2/vid_cmp2.avi;2625;stop_1323816483.avi;266
stop_1323816483.avi_image23.png;stop;462;281;487;304;0,0;vid2/vid_cmp2.avi;2637;stop_1323816483.avi;278
stop_1323816483.avi_image24.png;stop;475;274;502;300;0,0;vid2/vid_cmp2.avi;2649;stop_1323816483.avi;290
stop_1323816483.avi_image25.png;stop;488;271;517;298;0,0;vid2/vid_cmp2.avi;2661;stop_1323816483.avi;302
stop_1323816483.avi_image26.png;stop;505;264;537;294;0,0;vid2/vid_cmp2.avi;2673;stop_1323816483.avi;314
stop_1323816483.avi_image27.png;stop;531;256;565;288;0,0;vid2/vid_cmp2.avi;2685;stop_1323816483.avi;326
stop_1323816483.avi_image28.png;stop;558;240;598;278;0,0;vid2/vid_cmp2.avi;2697;stop_1323816483.avi;338
stop_1323816483.avi_image29.png;stop;591;231;638;274;0,0;vid2/vid_cmp2.avi;2709;stop_1323816483.avi;350
speedLimit_1323816551.avi_image6.png;schoolSpeedLimit25;502;290;519;317;0,0;vid2/vid_cmp2.avi;3993;speedLimit_1323816551.avi;32
speedLimit_1323816551.avi_image7.png;schoolSpeedLimit25;503;285;522;314;0,0;vid2/vid_cmp2.avi;3998;speedLimit_1323816551.avi;37
speedLimit_1323816551.avi_image8.png;schoolSpeedLimit25;504;282;524;313;0,0;vid2/vid_cmp2.avi;4003;speedLimit_1323816551.avi;42
speedLimit_1323816551.avi_image9.png;schoolSpeedLimit25;509;281;530;313;0,0;vid2/vid_cmp2.avi;4008;speedLimit_1323816551.avi;47
speedLimit_1323816551.avi_image10.png;schoolSpeedLimit25;513;279;535;313;0,0;vid2/vid_cmp2.avi;4013;speedLimit_1323816551.avi;52
speedLimit_1323816551.avi_image11.png;schoolSpeedLimit25;518;277;541;311;0,0;vid2/vid_cmp2.avi;4018;speedLimit_1323816551.avi;57
speedLimit_1323816551.avi_image12.png;schoolSpeedLimit25;523;275;548;311;0,0;vid2/vid_cmp2.avi;4023;speedLimit_1323816551.avi;62
speedLimit_1323816551.avi_image13.png;schoolSpeedLimit25;531;268;557;307;0,0;vid2/vid_cmp2.avi;4028;speedLimit_1323816551.avi;67
speedLimit_1323816551.avi_image14.png;schoolSpeedLimit25;538;261;566;304;0,0;vid2/vid_cmp2.avi;4033;speedLimit_1323816551.avi;72
speedLimit_1323816551.avi_image15.png;schoolSpeedLimit25;548;259;578;304;0,0;vid2/vid_cmp2.avi;4038;speedLimit_1323816551.avi;77
speedLimit_1323816551.avi_image16.png;schoolSpeedLimit25;561;253;592;302;0,0;vid2/vid_cmp2.avi;4043;speedLimit_1323816551.avi;82
speedLimit_1323816551.avi_image16.png;school;493;288;510;302;0,0;vid2/vid_cmp2.avi;4043;speedLimit_1323816551.avi;82
speedLimit_1323816551.avi_image17.png;schoolSpeedLimit25;574;240;608;293;0,0;vid2/vid_cmp2.avi;4048;speedLimit_1323816551.avi;87
speedLimit_1323816551.avi_image17.png;school;494;281;511;295;0,0;vid2/vid_cmp2.avi;4048;speedLimit_1323816551.avi;87
speedLimit_1323816551.avi_image18.png;schoolSpeedLimit25;591;233;629;291;0,0;vid2/vid_cmp2.avi;4053;speedLimit_1323816551.avi;92
speedLimit_1323816551.avi_image18.png;school;494;281;512;296;0,0;vid2/vid_cmp2.avi;4053;speedLimit_1323816551.avi;92
speedLimit_1323816551.avi_image19.png;schoolSpeedLimit25;612;233;656;297;0,0;vid2/vid_cmp2.avi;4058;speedLimit_1323816551.avi;97
speedLimit_1323816551.avi_image19.png;school;496;289;514;304;0,0;vid2/vid_cmp2.avi;4058;speedLimit_1323816551.avi;97
speedLimit_1323816551.avi_image20.png;schoolSpeedLimit25;640;219;688;292;0,0;vid2/vid_cmp2.avi;4063;speedLimit_1323816551.avi;102
speedLimit_1323816551.avi_image20.png;school;500;285;518;301;0,0;vid2/vid_cmp2.avi;4063;speedLimit_1323816551.avi;102
speedLimit_1323816551.avi_image21.png;school;504;275;522;291;0,0;vid2/vid_cmp2.avi;4068;speedLimit_1323816551.avi;107
school_1323816559.avi_image0.png;school;529;266;553;288;0,0;vid2/vid_cmp2.avi;4094;school_1323816559.avi;2
school_1323816559.avi_image1.png;school;537;266;562;288;0,0;vid2/vid_cmp2.avi;4099;school_1323816559.avi;7
school_1323816559.avi_image2.png;school;547;264;573;288;0,0;vid2/vid_cmp2.avi;4104;school_1323816559.avi;12
school_1323816559.avi_image3.png;school;557;259;587;284;0,0;vid2/vid_cmp2.avi;4109;school_1323816559.avi;17
school_1323816559.avi_image4.png;school;571;252;603;279;0,0;vid2/vid_cmp2.avi;4114;school_1323816559.avi;22
school_1323816559.avi_image5.png;school;588;244;620;275;0,0;vid2/vid_cmp2.avi;4119;school_1323816559.avi;27
school_1323816559.avi_image6.png;school;603;241;638;273;0,0;vid2/vid_cmp2.avi;4124;school_1323816559.avi;32
school_1323816559.avi_image7.png;school;621;235;659;268;0,0;vid2/vid_cmp2.avi;4129;school_1323816559.avi;37
school_1323816559.avi_image8.png;school;642;222;686;261;0,0;vid2/vid_cmp2.avi;4134;school_1323816559.avi;42
school_1323816574.avi_image0.png;school;583;281;606;302;0,0;vid2/vid_cmp2.avi;4350;school_1323816574.avi;2
school_1323816574.avi_image1.png;school;594;279;620;302;0,0;vid2/vid_cmp2.avi;4358;school_1323816574.avi;10
school_1323816574.avi_image2.png;school;606;271;632;295;0,0;vid2/vid_cmp2.avi;4366;school_1323816574.avi;18
school_1323816574.avi_image3.png;school;616;270;642;294;0,0;vid2/vid_cmp2.avi;4374;school_1323816574.avi;26
school_1323816574.avi_image4.png;school;627;267;653;291;0,0;vid2/vid_cmp2.avi;4382;school_1323816574.avi;34
school_1323816574.avi_image5.png;school;637;264;665;290;0,0;vid2/vid_cmp2.avi;4390;school_1323816574.avi;42
school_1323816574.avi_image6.png;school;647;261;676;289;0,0;vid2/vid_cmp2.avi;4398;school_1323816574.avi;50
school_1323816574.avi_image7.png;school;657;258;687;287;0,0;vid2/vid_cmp2.avi;4406;school_1323816574.avi;58
school_1323816574.avi_image8.png;school;664;256;695;286;0,0;vid2/vid_cmp2.avi;4414;school_1323816574.avi;66
signalAhead_1323816708.avi_image2.png;signalAhead;278;272;312;304;0,0;vid2/vid_cmp2.avi;7515;signalAhead_1323816708.avi;14
signalAhead_1323816708.avi_image3.png;signalAhead;284;271;319;304;0,0;vid2/vid_cmp2.avi;7521;signalAhead_1323816708.avi;20
signalAhead_1323816708.avi_image4.png;signalAhead;291;271;326;305;0,0;vid2/vid_cmp2.avi;7527;signalAhead_1323816708.avi;26
signalAhead_1323816708.avi_image5.png;signalAhead;297;271;332;305;0,0;vid2/vid_cmp2.avi;7533;signalAhead_1323816708.avi;32
signalAhead_1323816708.avi_image6.png;signalAhead;303;270;340;305;0,0;vid2/vid_cmp2.avi;7539;signalAhead_1323816708.avi;38
signalAhead_1323816708.avi_image7.png;signalAhead;311;274;351;313;0,0;vid2/vid_cmp2.avi;7545;signalAhead_1323816708.avi;44
signalAhead_1323816708.avi_image8.png;signalAhead;318;272;359;312;0,0;vid2/vid_cmp2.avi;7551;signalAhead_1323816708.avi;50
signalAhead_1323816708.avi_image9.png;signalAhead;324;265;368;305;0,0;vid2/vid_cmp2.avi;7557;signalAhead_1323816708.avi;56
signalAhead_1323816708.avi_image10.png;signalAhead;334;256;380;298;0,0;vid2/vid_cmp2.avi;7563;signalAhead_1323816708.avi;62
signalAhead_1323816708.avi_image11.png;signalAhead;342;258;390;301;0,0;vid2/vid_cmp2.avi;7569;signalAhead_1323816708.avi;68
signalAhead_1323816708.avi_image12.png;signalAhead;352;256;400;301;0,0;vid2/vid_cmp2.avi;7575;signalAhead_1323816708.avi;74
signalAhead_1323816708.avi_image13.png;signalAhead;361;255;410;304;0,0;vid2/vid_cmp2.avi;7581;signalAhead_1323816708.avi;80
signalAhead_1323816708.avi_image14.png;signalAhead;368;254;422;304;0,0;vid2/vid_cmp2.avi;7587;signalAhead_1323816708.avi;86
signalAhead_1323816708.avi_image15.png;signalAhead;377;248;434;301;0,0;vid2/vid_cmp2.avi;7593;signalAhead_1323816708.avi;92
signalAhead_1323816708.avi_image16.png;signalAhead;387;241;445;296;0,0;vid2/vid_cmp2.avi;7599;signalAhead_1323816708.avi;98
signalAhead_1323816708.avi_image17.png;signalAhead;395;237;458;294;0,0;vid2/vid_cmp2.avi;7605;signalAhead_1323816708.avi;104
signalAhead_1323816708.avi_image18.png;signalAhead;404;235;468;295;0,0;vid2/vid_cmp2.avi;7611;signalAhead_1323816708.avi;110
signalAhead_1323816708.avi_image19.png;signalAhead;414;234;479;298;0,0;vid2/vid_cmp2.avi;7617;signalAhead_1323816708.avi;116
signalAhead_1323816708.avi_image20.png;signalAhead;424;231;492;298;0,0;vid2/vid_cmp2.avi;7623;signalAhead_1323816708.avi;122
signalAhead_1323816708.avi_image21.png;signalAhead;434;226;507;297;0,0;vid2/vid_cmp2.avi;7629;signalAhead_1323816708.avi;128
signalAhead_1323816708.avi_image22.png;signalAhead;445;220;522;294;0,0;vid2/vid_cmp2.avi;7635;signalAhead_1323816708.avi;134
signalAhead_1323816708.avi_image23.png;signalAhead;458;214;540;291;0,0;vid2/vid_cmp2.avi;7641;signalAhead_1323816708.avi;140
signalAhead_1323816708.avi_image24.png;signalAhead;472;208;559;292;0,0;vid2/vid_cmp2.avi;7647;signalAhead_1323816708.avi;146
signalAhead_1323816708.avi_image25.png;signalAhead;487;206;576;293;0,0;vid2/vid_cmp2.avi;7653;signalAhead_1323816708.avi;152
signalAhead_1323816708.avi_image26.png;signalAhead;503;199;598;291;0,0;vid2/vid_cmp2.avi;7659;signalAhead_1323816708.avi;158
signalAhead_1323816708.avi_image27.png;signalAhead;521;193;621;290;0,0;vid2/vid_cmp2.avi;7665;signalAhead_1323816708.avi;164
signalAhead_1323816708.avi_image28.png;signalAhead;539;183;645;287;0,0;vid2/vid_cmp2.avi;7671;signalAhead_1323816708.avi;170
signalAhead_1323816708.avi_image29.png;signalAhead;562;174;679;284;0,0;vid2/vid_cmp2.avi;7677;signalAhead_1323816708.avi;176
rightLaneMustTurn_1323816748.avi_image0.png;rightLaneMustTurn;401;281;432;310;0,0;vid2/vid_cmp2.avi;7819;rightLaneMustTurn_1323816748.avi;2
rightLaneMustTurn_1323816748.avi_image1.png;rightLaneMustTurn;407;280;438;309;0,0;vid2/vid_cmp2.avi;7824;rightLaneMustTurn_1323816748.avi;7
rightLaneMustTurn_1323816748.avi_image2.png;rightLaneMustTurn;415;277;446;306;0,0;vid2/vid_cmp2.avi;7829;rightLaneMustTurn_1323816748.avi;12
rightLaneMustTurn_1323816748.avi_image3.png;rightLaneMustTurn;421;272;454;304;0,0;vid2/vid_cmp2.avi;7834;rightLaneMustTurn_1323816748.avi;17
rightLaneMustTurn_1323816748.avi_image4.png;rightLaneMustTurn;431;269;464;301;0,0;vid2/vid_cmp2.avi;7839;rightLaneMustTurn_1323816748.avi;22
rightLaneMustTurn_1323816748.avi_image5.png;rightLaneMustTurn;442;267;479;301;0,0;vid2/vid_cmp2.avi;7844;rightLaneMustTurn_1323816748.avi;27
rightLaneMustTurn_1323816748.avi_image6.png;rightLaneMustTurn;456;265;495;299;0,0;vid2/vid_cmp2.avi;7849;rightLaneMustTurn_1323816748.avi;32
rightLaneMustTurn_1323816748.avi_image7.png;rightLaneMustTurn;470;262;511;298;0,0;vid2/vid_cmp2.avi;7854;rightLaneMustTurn_1323816748.avi;37
rightLaneMustTurn_1323816748.avi_image8.png;rightLaneMustTurn;482;257;525;294;0,0;vid2/vid_cmp2.avi;7859;rightLaneMustTurn_1323816748.avi;42
rightLaneMustTurn_1323816748.avi_image9.png;rightLaneMustTurn;499;253;542;293;0,0;vid2/vid_cmp2.avi;7864;rightLaneMustTurn_1323816748.avi;47
rightLaneMustTurn_1323816748.avi_image10.png;rightLaneMustTurn;516;252;561;294;0,0;vid2/vid_cmp2.avi;7869;rightLaneMustTurn_1323816748.avi;52
rightLaneMustTurn_1323816748.avi_image11.png;rightLaneMustTurn;533;247;581;291;0,0;vid2/vid_cmp2.avi;7874;rightLaneMustTurn_1323816748.avi;57
rightLaneMustTurn_1323816748.avi_image12.png;rightLaneMustTurn;554;239;604;287;0,0;vid2/vid_cmp2.avi;7879;rightLaneMustTurn_1323816748.avi;62
rightLaneMustTurn_1323816748.avi_image13.png;rightLaneMustTurn;574;226;628;278;0,0;vid2/vid_cmp2.avi;7884;rightLaneMustTurn_1323816748.avi;67
rightLaneMustTurn_1323816748.avi_image14.png;rightLaneMustTurn;596;212;656;268;0,0;vid2/vid_cmp2.avi;7889;rightLaneMustTurn_1323816748.avi;72
rightLaneMustTurn_1323816748.avi_image15.png;rightLaneMustTurn;624;207;685;268;0,0;vid2/vid_cmp2.avi;7894;rightLaneMustTurn_1323816748.avi;77
yieldAhead_1323816762.avi_image2.png;yieldAhead;446;297;481;328;0,0;vid2/vid_cmp2.avi;8032;yieldAhead_1323816762.avi;26
yieldAhead_1323816762.avi_image3.png;yieldAhead;455;298;490;329;0,0;vid2/vid_cmp2.avi;8044;yieldAhead_1323816762.avi;38
yieldAhead_1323816762.avi_image4.png;yieldAhead;458;288;494;321;0,0;vid2/vid_cmp2.avi;8056;yieldAhead_1323816762.avi;50
yieldAhead_1323816762.avi_image5.png;yieldAhead;465;291;501;324;0,0;vid2/vid_cmp2.avi;8068;yieldAhead_1323816762.avi;62
yieldAhead_1323816762.avi_image6.png;yieldAhead;469;289;505;322;0,0;vid2/vid_cmp2.avi;8080;yieldAhead_1323816762.avi;74
yieldAhead_1323816762.avi_image7.png;yieldAhead;477;282;515;316;0,0;vid2/vid_cmp2.avi;8092;yieldAhead_1323816762.avi;86
yieldAhead_1323816762.avi_image8.png;yieldAhead;483;277;523;313;0,0;vid2/vid_cmp2.avi;8104;yieldAhead_1323816762.avi;98
yieldAhead_1323816762.avi_image9.png;yieldAhead;487;272;530;311;0,0;vid2/vid_cmp2.avi;8116;yieldAhead_1323816762.avi;110
yieldAhead_1323816762.avi_image10.png;yieldAhead;495;254;541;296;0,0;vid2/vid_cmp2.avi;8128;yieldAhead_1323816762.avi;122
yieldAhead_1323816762.avi_image11.png;yieldAhead;503;260;551;302;0,0;vid2/vid_cmp2.avi;8140;yieldAhead_1323816762.avi;134
yieldAhead_1323816762.avi_image12.png;yieldAhead;512;255;562;300;0,0;vid2/vid_cmp2.avi;8152;yieldAhead_1323816762.avi;146
yieldAhead_1323816762.avi_image13.png;yieldAhead;520;263;571;309;0,0;vid2/vid_cmp2.avi;8164;yieldAhead_1323816762.avi;158
yieldAhead_1323816762.avi_image14.png;yieldAhead;525;258;577;304;0,0;vid2/vid_cmp2.avi;8176;yieldAhead_1323816762.avi;170
yieldAhead_1323816762.avi_image15.png;yieldAhead;531;261;585;309;0,0;vid2/vid_cmp2.avi;8188;yieldAhead_1323816762.avi;182
yieldAhead_1323816762.avi_image16.png;yieldAhead;537;254;594;305;0,0;vid2/vid_cmp2.avi;8200;yieldAhead_1323816762.avi;194
yieldAhead_1323816762.avi_image17.png;yieldAhead;543;251;600;302;0,0;vid2/vid_cmp2.avi;8212;yieldAhead_1323816762.avi;206
yieldAhead_1323816762.avi_image18.png;yieldAhead;546;247;605;301;0,0;vid2/vid_cmp2.avi;8224;yieldAhead_1323816762.avi;218
yieldAhead_1323816762.avi_image19.png;yieldAhead;550;243;612;299;0,0;vid2/vid_cmp2.avi;8236;yieldAhead_1323816762.avi;230
yieldAhead_1323816762.avi_image20.png;yieldAhead;557;237;621;296;0,0;vid2/vid_cmp2.avi;8248;yieldAhead_1323816762.avi;242
yieldAhead_1323816762.avi_image21.png;yieldAhead;561;230;627;291;0,0;vid2/vid_cmp2.avi;8260;yieldAhead_1323816762.avi;254
yieldAhead_1323816762.avi_image22.png;yieldAhead;567;225;637;290;0,0;vid2/vid_cmp2.avi;8272;yieldAhead_1323816762.avi;266
yieldAhead_1323816762.avi_image23.png;yieldAhead;571;223;644;290;0,0;vid2/vid_cmp2.avi;8284;yieldAhead_1323816762.avi;278
yieldAhead_1323816762.avi_image24.png;yieldAhead;577;220;651;288;0,0;vid2/vid_cmp2.avi;8296;yieldAhead_1323816762.avi;290
yieldAhead_1323816762.avi_image25.png;yieldAhead;584;214;662;287;0,0;vid2/vid_cmp2.avi;8308;yieldAhead_1323816762.avi;302
yieldAhead_1323816762.avi_image26.png;yieldAhead;593;208;676;287;0,0;vid2/vid_cmp2.avi;8320;yieldAhead_1323816762.avi;314
yieldAhead_1323816762.avi_image27.png;yieldAhead;606;199;694;283;0,0;vid2/vid_cmp2.avi;8332;yieldAhead_1323816762.avi;326
yield_1323816786.avi_image1.png;yield;509;280;527;294;0,0;vid2/vid_cmp2.avi;8503;yield_1323816786.avi;7
yield_1323816786.avi_image1.png;merge;596;266;624;292;0,0;vid2/vid_cmp2.avi;8503;yield_1323816786.avi;7
yield_1323816786.avi_image2.png;yield;507;277;525;291;0,0;vid2/vid_cmp2.avi;8508;yield_1323816786.avi;12
yield_1323816786.avi_image2.png;merge;594;262;622;288;0,0;vid2/vid_cmp2.avi;8508;yield_1323816786.avi;12
yield_1323816786.avi_image3.png;yield;500;274;518;290;0,0;vid2/vid_cmp2.avi;8513;yield_1323816786.avi;17
yield_1323816786.avi_image3.png;merge;589;260;617;286;0,0;vid2/vid_cmp2.avi;8513;yield_1323816786.avi;17
yield_1323816786.avi_image4.png;yield;494;275;512;291;0,0;vid2/vid_cmp2.avi;8518;yield_1323816786.avi;22
yield_1323816786.avi_image4.png;merge;584;260;612;286;0,0;vid2/vid_cmp2.avi;8518;yield_1323816786.avi;22
yield_1323816786.avi_image5.png;yield;486;273;504;289;0,0;vid2/vid_cmp2.avi;8523;yield_1323816786.avi;27
yield_1323816786.avi_image5.png;merge;578;258;609;289;0,0;vid2/vid_cmp2.avi;8523;yield_1323816786.avi;27
yield_1323816786.avi_image6.png;yield;476;271;495;288;0,0;vid2/vid_cmp2.avi;8528;yield_1323816786.avi;32
yield_1323816786.avi_image6.png;merge;567;255;601;288;0,0;vid2/vid_cmp2.avi;8528;yield_1323816786.avi;32
yield_1323816786.avi_image7.png;yield;464;267;483;284;0,0;vid2/vid_cmp2.avi;8533;yield_1323816786.avi;37
yield_1323816786.avi_image7.png;merge;559;250;593;283;0,0;vid2/vid_cmp2.avi;8533;yield_1323816786.avi;37
yield_1323816786.avi_image8.png;yield;452;266;472;284;0,0;vid2/vid_cmp2.avi;8538;yield_1323816786.avi;42
yield_1323816786.avi_image8.png;merge;549;251;583;284;0,0;vid2/vid_cmp2.avi;8538;yield_1323816786.avi;42
yield_1323816786.avi_image9.png;yield;438;273;458;291;0,0;vid2/vid_cmp2.avi;8543;yield_1323816786.avi;47
yield_1323816786.avi_image9.png;merge;539;257;573;290;0,0;vid2/vid_cmp2.avi;8543;yield_1323816786.avi;47
yield_1323816786.avi_image10.png;yield;423;278;443;296;0,0;vid2/vid_cmp2.avi;8548;yield_1323816786.avi;52
yield_1323816786.avi_image10.png;merge;526;263;560;296;0,0;vid2/vid_cmp2.avi;8548;yield_1323816786.avi;52
yield_1323816786.avi_image11.png;yield;406;276;428;295;0,0;vid2/vid_cmp2.avi;8553;yield_1323816786.avi;57
yield_1323816786.avi_image11.png;merge;513;261;548;297;0,0;vid2/vid_cmp2.avi;8553;yield_1323816786.avi;57
yield_1323816786.avi_image12.png;yield;387;271;412;294;0,0;vid2/vid_cmp2.avi;8558;yield_1323816786.avi;62
yield_1323816786.avi_image12.png;merge;499;258;533;294;0,0;vid2/vid_cmp2.avi;8558;yield_1323816786.avi;62
yield_1323816786.avi_image13.png;yield;368;272;395;297;0,0;vid2/vid_cmp2.avi;8563;yield_1323816786.avi;67
yield_1323816786.avi_image13.png;merge;483;254;519;296;0,0;vid2/vid_cmp2.avi;8563;yield_1323816786.avi;67
yield_1323816786.avi_image14.png;yield;350;272;377;297;0,0;vid2/vid_cmp2.avi;8568;yield_1323816786.avi;72
yield_1323816786.avi_image14.png;merge;471;256;507;298;0,0;vid2/vid_cmp2.avi;8568;yield_1323816786.avi;72
yield_1323816786.avi_image15.png;yield;331;271;358;296;0,0;vid2/vid_cmp2.avi;8573;yield_1323816786.avi;77
yield_1323816786.avi_image15.png;merge;454;253;490;297;0,0;vid2/vid_cmp2.avi;8573;yield_1323816786.avi;77
yield_1323816786.avi_image16.png;yield;311;268;339;293;0,0;vid2/vid_cmp2.avi;8578;yield_1323816786.avi;82
yield_1323816786.avi_image16.png;merge;439;250;476;296;0,0;vid2/vid_cmp2.avi;8578;yield_1323816786.avi;82
yield_1323816786.avi_image17.png;yield;287;267;316;292;0,0;vid2/vid_cmp2.avi;8583;yield_1323816786.avi;87
yield_1323816786.avi_image17.png;merge;419;248;461;297;0,0;vid2/vid_cmp2.avi;8583;yield_1323816786.avi;87
yield_1323816786.avi_image18.png;yield;261;263;292;289;0,0;vid2/vid_cmp2.avi;8588;yield_1323816786.avi;92
yield_1323816786.avi_image18.png;merge;403;244;445;294;0,0;vid2/vid_cmp2.avi;8588;yield_1323816786.avi;92
yield_1323816786.avi_image19.png;yield;233;259;267;286;0,0;vid2/vid_cmp2.avi;8593;yield_1323816786.avi;97
yield_1323816786.avi_image19.png;merge;384;242;427;292;0,0;vid2/vid_cmp2.avi;8593;yield_1323816786.avi;97
yield_1323816786.avi_image20.png;yield;205;258;239;289;0,0;vid2/vid_cmp2.avi;8598;yield_1323816786.avi;102
yield_1323816786.avi_image20.png;merge;362;242;408;297;0,0;vid2/vid_cmp2.avi;8598;yield_1323816786.avi;102
yield_1323816786.avi_image21.png;yield;166;258;206;292;0,0;vid2/vid_cmp2.avi;8603;yield_1323816786.avi;107
yield_1323816786.avi_image21.png;merge;338;241;386;302;0,0;vid2/vid_cmp2.avi;8603;yield_1323816786.avi;107
yield_1323816786.avi_image22.png;yield;129;257;171;291;0,0;vid2/vid_cmp2.avi;8608;yield_1323816786.avi;112
yield_1323816786.avi_image22.png;merge;313;240;365;303;0,0;vid2/vid_cmp2.avi;8608;yield_1323816786.avi;112
yield_1323816786.avi_image23.png;yield;86;252;132;288;0,0;vid2/vid_cmp2.avi;8613;yield_1323816786.avi;117
yield_1323816786.avi_image23.png;merge;286;237;341;302;0,0;vid2/vid_cmp2.avi;8613;yield_1323816786.avi;117
yield_1323816786.avi_image24.png;yield;39;243;91;284;0,0;vid2/vid_cmp2.avi;8618;yield_1323816786.avi;122
yield_1323816786.avi_image24.png;merge;257;232;315;299;0,0;vid2/vid_cmp2.avi;8618;yield_1323816786.avi;122
yield_1323816786.avi_image25.png;merge;223;224;288;299;0,0;vid2/vid_cmp2.avi;8623;yield_1323816786.avi;127
merge_1323816805.avi_image4.png;merge;146;207;222;291;0,0;vid2/vid_cmp2.avi;8633;merge_1323816805.avi;22
merge_1323816805.avi_image5.png;merge;98;195;179;289;0,0;vid2/vid_cmp2.avi;8638;merge_1323816805.avi;27
merge_1323816805.avi_image6.png;merge;40;175;127;276;0,0;vid2/vid_cmp2.avi;8643;merge_1323816805.avi;32
addedLane_1323816833.avi_image0.png;addedLane;258;258;292;292;0,0;vid2/vid_cmp2.avi;8986;addedLane_1323816833.avi;2
addedLane_1323816833.avi_image1.png;addedLane;255;274;289;308;0,0;vid2/vid_cmp2.avi;8991;addedLane_1323816833.avi;7
addedLane_1323816833.avi_image2.png;addedLane;247;269;282;306;0,0;vid2/vid_cmp2.avi;8996;addedLane_1323816833.avi;12
addedLane_1323816833.avi_image3.png;addedLane;233;260;272;301;0,0;vid2/vid_cmp2.avi;9001;addedLane_1323816833.avi;17
addedLane_1323816833.avi_image4.png;addedLane;221;258;264;302;0,0;vid2/vid_cmp2.avi;9006;addedLane_1323816833.avi;22
addedLane_1323816833.avi_image5.png;addedLane;206;250;252;296;0,0;vid2/vid_cmp2.avi;9011;addedLane_1323816833.avi;27
addedLane_1323816833.avi_image6.png;addedLane;189;243;240;293;0,0;vid2/vid_cmp2.avi;9016;addedLane_1323816833.avi;32
addedLane_1323816833.avi_image7.png;addedLane;170;241;224;295;0,0;vid2/vid_cmp2.avi;9021;addedLane_1323816833.avi;37
addedLane_1323816833.avi_image8.png;addedLane;147;241;206;297;0,0;vid2/vid_cmp2.avi;9026;addedLane_1323816833.avi;42
addedLane_1323816833.avi_image9.png;addedLane;120;234;182;295;0,0;vid2/vid_cmp2.avi;9031;addedLane_1323816833.avi;47
addedLane_1323816833.avi_image10.png;addedLane;87;224;154;291;0,0;vid2/vid_cmp2.avi;9036;addedLane_1323816833.avi;52
addedLane_1323816833.avi_image11.png;addedLane;47;207;127;284;0,0;vid2/vid_cmp2.avi;9041;addedLane_1323816833.avi;57
addedLane_1323816833.avi_image12.png;addedLane;0;192;91;282;0,0;vid2/vid_cmp2.avi;9046;addedLane_1323816833.avi;62
rampSpeedAdvisory_1323816943.avi_image0.png;rampSpeedAdvisory50;416;280;446;314;0,0;vid2/vid_cmp2.avi;10360;rampSpeedAdvisory_1323816943.avi;2
rampSpeedAdvisory_1323816943.avi_image1.png;rampSpeedAdvisory50;424;278;458;317;0,0;vid2/vid_cmp2.avi;10365;rampSpeedAdvisory_1323816943.avi;7
rampSpeedAdvisory_1323816943.avi_image2.png;rampSpeedAdvisory50;435;273;471;315;0,0;vid2/vid_cmp2.avi;10370;rampSpeedAdvisory_1323816943.avi;12
rampSpeedAdvisory_1323816943.avi_image3.png;rampSpeedAdvisory50;447;259;490;306;0,0;vid2/vid_cmp2.avi;10375;rampSpeedAdvisory_1323816943.avi;17
rampSpeedAdvisory_1323816943.avi_image4.png;rampSpeedAdvisory50;465;253;512;305;0,0;vid2/vid_cmp2.avi;10380;rampSpeedAdvisory_1323816943.avi;22
rampSpeedAdvisory_1323816943.avi_image5.png;rampSpeedAdvisory50;489;242;543;302;0,0;vid2/vid_cmp2.avi;10385;rampSpeedAdvisory_1323816943.avi;27
rampSpeedAdvisory_1323816943.avi_image6.png;rampSpeedAdvisory50;519;217;584;288;0,0;vid2/vid_cmp2.avi;10390;rampSpeedAdvisory_1323816943.avi;32
rampSpeedAdvisory_1323816943.avi_image7.png;rampSpeedAdvisory50;565;186;647;272;0,0;vid2/vid_cmp2.avi;10395;rampSpeedAdvisory_1323816943.avi;37
addedLane_1323816988.avi_image0.png;addedLane;452;276;495;315;0,0;vid2/vid_cmp2.avi;11061;addedLane_1323816988.avi;2
addedLane_1323816988.avi_image1.png;addedLane;472;266;515;305;0,0;vid2/vid_cmp2.avi;11066;addedLane_1323816988.avi;7
addedLane_1323816988.avi_image2.png;addedLane;496;255;543;303;0,0;vid2/vid_cmp2.avi;11071;addedLane_1323816988.avi;12
addedLane_1323816988.avi_image3.png;addedLane;524;250;572;299;0,0;vid2/vid_cmp2.avi;11076;addedLane_1323816988.avi;17
addedLane_1323816988.avi_image4.png;addedLane;558;245;615;296;0,0;vid2/vid_cmp2.avi;11081;addedLane_1323816988.avi;22
addedLane_1323816988.avi_image5.png;addedLane;598;235;661;293;0,0;vid2/vid_cmp2.avi;11086;addedLane_1323816988.avi;27
merge_1323817072.avi_image0.png;merge;433;296;459;321;0,0;vid2/vid_cmp2.avi;13080;merge_1323817072.avi;2
merge_1323817072.avi_image1.png;merge;440;292;467;319;0,0;vid2/vid_cmp2.avi;13085;merge_1323817072.avi;7
merge_1323817072.avi_image2.png;merge;447;287;478;316;0,0;vid2/vid_cmp2.avi;13090;merge_1323817072.avi;12
merge_1323817072.avi_image3.png;merge;457;284;489;315;0,0;vid2/vid_cmp2.avi;13095;merge_1323817072.avi;17
merge_1323817072.avi_image4.png;merge;467;279;501;314;0,0;vid2/vid_cmp2.avi;13100;merge_1323817072.avi;22
merge_1323817072.avi_image5.png;merge;478;273;518;311;0,0;vid2/vid_cmp2.avi;13105;merge_1323817072.avi;27
merge_1323817072.avi_image6.png;merge;493;266;538;308;0,0;vid2/vid_cmp2.avi;13110;merge_1323817072.avi;32
merge_1323817072.avi_image7.png;merge;515;256;567;303;0,0;vid2/vid_cmp2.avi;13115;merge_1323817072.avi;37
merge_1323817072.avi_image8.png;merge;544;245;601;299;0,0;vid2/vid_cmp2.avi;13120;merge_1323817072.avi;42
merge_1323817072.avi_image9.png;merge;583;227;653;291;0,0;vid2/vid_cmp2.avi;13125;merge_1323817072.avi;47
addedLane_1323817202.avi_image0.png;addedLane;358;305;384;329;0,0;vid2/vid_cmp2.avi;15603;addedLane_1323817202.avi;2
addedLane_1323817202.avi_image1.png;addedLane;360;303;389;328;0,0;vid2/vid_cmp2.avi;15608;addedLane_1323817202.avi;7
addedLane_1323817202.avi_image2.png;addedLane;363;303;392;328;0,0;vid2/vid_cmp2.avi;15613;addedLane_1323817202.avi;12
addedLane_1323817202.avi_image3.png;addedLane;365;301;397;329;0,0;vid2/vid_cmp2.avi;15618;addedLane_1323817202.avi;17
addedLane_1323817202.avi_image4.png;addedLane;370;298;403;327;0,0;vid2/vid_cmp2.avi;15623;addedLane_1323817202.avi;22
addedLane_1323817202.avi_image5.png;addedLane;375;296;411;328;0,0;vid2/vid_cmp2.avi;15628;addedLane_1323817202.avi;27
addedLane_1323817202.avi_image6.png;addedLane;379;294;418;328;0,0;vid2/vid_cmp2.avi;15633;addedLane_1323817202.avi;32
addedLane_1323817202.avi_image7.png;addedLane;384;289;426;326;0,0;vid2/vid_cmp2.avi;15638;addedLane_1323817202.avi;37
addedLane_1323817202.avi_image8.png;addedLane;392;286;435;324;0,0;vid2/vid_cmp2.avi;15643;addedLane_1323817202.avi;42
addedLane_1323817202.avi_image9.png;addedLane;398;279;447;320;0,0;vid2/vid_cmp2.avi;15648;addedLane_1323817202.avi;47
addedLane_1323817202.avi_image10.png;addedLane;411;269;463;316;0,0;vid2/vid_cmp2.avi;15653;addedLane_1323817202.avi;52
addedLane_1323817202.avi_image11.png;addedLane;423;259;480;312;0,0;vid2/vid_cmp2.avi;15658;addedLane_1323817202.avi;57
addedLane_1323817202.avi_image12.png;addedLane;440;253;504;310;0,0;vid2/vid_cmp2.avi;15663;addedLane_1323817202.avi;62
addedLane_1323817202.avi_image13.png;addedLane;460;240;533;309;0,0;vid2/vid_cmp2.avi;15668;addedLane_1323817202.avi;67
addedLane_1323817202.avi_image14.png;addedLane;488;225;574;304;0,0;vid2/vid_cmp2.avi;15673;addedLane_1323817202.avi;72
addedLane_1323817202.avi_image15.png;addedLane;522;201;625;295;0,0;vid2/vid_cmp2.avi;15678;addedLane_1323817202.avi;77
merge_1323817276.avi_image0.png;merge;370;298;396;321;0,0;vid2/vid_cmp2.avi;16295;merge_1323817276.avi;2
merge_1323817276.avi_image1.png;merge;371;295;398;320;0,0;vid2/vid_cmp2.avi;16301;merge_1323817276.avi;8
merge_1323817276.avi_image2.png;merge;375;292;404;318;0,0;vid2/vid_cmp2.avi;16307;merge_1323817276.avi;14
merge_1323817276.avi_image3.png;merge;377;291;406;318;0,0;vid2/vid_cmp2.avi;16313;merge_1323817276.avi;20
merge_1323817276.avi_image4.png;merge;380;290;410;317;0,0;vid2/vid_cmp2.avi;16319;merge_1323817276.avi;26
merge_1323817276.avi_image5.png;merge;382;291;414;319;0,0;vid2/vid_cmp2.avi;16325;merge_1323817276.avi;32
merge_1323817276.avi_image6.png;merge;385;288;418;317;0,0;vid2/vid_cmp2.avi;16331;merge_1323817276.avi;38
merge_1323817276.avi_image7.png;merge;388;288;421;317;0,0;vid2/vid_cmp2.avi;16337;merge_1323817276.avi;44
merge_1323817276.avi_image8.png;merge;391;285;424;316;0,0;vid2/vid_cmp2.avi;16343;merge_1323817276.avi;50
merge_1323817276.avi_image9.png;merge;394;284;428;316;0,0;vid2/vid_cmp2.avi;16349;merge_1323817276.avi;56
merge_1323817276.avi_image10.png;merge;395;282;432;316;0,0;vid2/vid_cmp2.avi;16355;merge_1323817276.avi;62
merge_1323817276.avi_image11.png;merge;398;280;436;315;0,0;vid2/vid_cmp2.avi;16361;merge_1323817276.avi;68
merge_1323817276.avi_image12.png;merge;402;279;441;315;0,0;vid2/vid_cmp2.avi;16367;merge_1323817276.avi;74
merge_1323817276.avi_image13.png;merge;404;276;445;314;0,0;vid2/vid_cmp2.avi;16373;merge_1323817276.avi;80
merge_1323817276.avi_image14.png;merge;407;270;451;312;0,0;vid2/vid_cmp2.avi;16379;merge_1323817276.avi;86
merge_1323817276.avi_image15.png;merge;413;269;458;312;0,0;vid2/vid_cmp2.avi;16385;merge_1323817276.avi;92
merge_1323817276.avi_image16.png;merge;418;267;464;308;0,0;vid2/vid_cmp2.avi;16391;merge_1323817276.avi;98
merge_1323817276.avi_image17.png;merge;425;263;472;305;0,0;vid2/vid_cmp2.avi;16397;merge_1323817276.avi;104
merge_1323817276.avi_image18.png;merge;432;260;483;304;0,0;vid2/vid_cmp2.avi;16403;merge_1323817276.avi;110
merge_1323817276.avi_image19.png;merge;437;255;492;304;0,0;vid2/vid_cmp2.avi;16409;merge_1323817276.avi;116
merge_1323817276.avi_image20.png;merge;447;249;504;301;0,0;vid2/vid_cmp2.avi;16415;merge_1323817276.avi;122
merge_1323817276.avi_image21.png;merge;458;242;519;296;0,0;vid2/vid_cmp2.avi;16421;merge_1323817276.avi;128
merge_1323817276.avi_image22.png;merge;473;234;538;295;0,0;vid2/vid_cmp2.avi;16427;merge_1323817276.avi;134
merge_1323817276.avi_image23.png;merge;488;227;557;292;0,0;vid2/vid_cmp2.avi;16433;merge_1323817276.avi;140
merge_1323817276.avi_image24.png;merge;505;218;581;288;0,0;vid2/vid_cmp2.avi;16439;merge_1323817276.avi;146
merge_1323817276.avi_image25.png;merge;525;206;607;282;0,0;vid2/vid_cmp2.avi;16445;merge_1323817276.avi;152
merge_1323817276.avi_image26.png;merge;548;193;638;276;0,0;vid2/vid_cmp2.avi;16451;merge_1323817276.avi;158
merge_1323817276.avi_image27.png;merge;574;177;672;269;0,0;vid2/vid_cmp2.avi;16457;merge_1323817276.avi;164
signalAhead_1323817352.avi_image0.png;signalAhead;291;312;310;329;0,0;vid2/vid_cmp2.avi;18131;signalAhead_1323817352.avi;2
signalAhead_1323817352.avi_image1.png;signalAhead;300;307;319;324;0,0;vid2/vid_cmp2.avi;18136;signalAhead_1323817352.avi;7
signalAhead_1323817352.avi_image2.png;signalAhead;308;309;327;327;0,0;vid2/vid_cmp2.avi;18141;signalAhead_1323817352.avi;12
signalAhead_1323817352.avi_image3.png;signalAhead;314;313;334;332;0,0;vid2/vid_cmp2.avi;18146;signalAhead_1323817352.avi;17
signalAhead_1323817352.avi_image4.png;signalAhead;321;309;344;330;0,0;vid2/vid_cmp2.avi;18151;signalAhead_1323817352.avi;22
signalAhead_1323817352.avi_image5.png;signalAhead;330;303;354;325;0,0;vid2/vid_cmp2.avi;18156;signalAhead_1323817352.avi;27
signalAhead_1323817352.avi_image6.png;signalAhead;339;303;363;325;0,0;vid2/vid_cmp2.avi;18161;signalAhead_1323817352.avi;32
signalAhead_1323817352.avi_image7.png;signalAhead;346;309;370;331;0,0;vid2/vid_cmp2.avi;18166;signalAhead_1323817352.avi;37
signalAhead_1323817352.avi_image8.png;signalAhead;353;312;380;335;0,0;vid2/vid_cmp2.avi;18171;signalAhead_1323817352.avi;42
signalAhead_1323817352.avi_image9.png;signalAhead;365;304;393;331;0,0;vid2/vid_cmp2.avi;18176;signalAhead_1323817352.avi;47
signalAhead_1323817352.avi_image10.png;signalAhead;375;296;406;325;0,0;vid2/vid_cmp2.avi;18181;signalAhead_1323817352.avi;52
signalAhead_1323817352.avi_image11.png;signalAhead;389;292;423;325;0,0;vid2/vid_cmp2.avi;18186;signalAhead_1323817352.avi;57
signalAhead_1323817352.avi_image12.png;signalAhead;407;291;443;325;0,0;vid2/vid_cmp2.avi;18191;signalAhead_1323817352.avi;62
signalAhead_1323817352.avi_image13.png;signalAhead;437;281;480;320;0,0;vid2/vid_cmp2.avi;18196;signalAhead_1323817352.avi;67
signalAhead_1323817352.avi_image14.png;signalAhead;447;278;490;317;0,0;vid2/vid_cmp2.avi;18201;signalAhead_1323817352.avi;72
signalAhead_1323817352.avi_image15.png;signalAhead;474;267;522;311;0,0;vid2/vid_cmp2.avi;18206;signalAhead_1323817352.avi;77
signalAhead_1323817352.avi_image16.png;signalAhead;504;256;560;304;0,0;vid2/vid_cmp2.avi;18211;signalAhead_1323817352.avi;82
signalAhead_1323817352.avi_image17.png;signalAhead;544;245;607;302;0,0;vid2/vid_cmp2.avi;18216;signalAhead_1323817352.avi;87
signalAhead_1323817352.avi_image18.png;signalAhead;593;226;667;293;0,0;vid2/vid_cmp2.avi;18221;signalAhead_1323817352.avi;92
speedLimit_1323817452.avi_image0.png;speedLimit40;259;321;276;340;0,0;vid2/vid_cmp2.avi;20540;speedLimit_1323817452.avi;2
speedLimit_1323817452.avi_image1.png;speedLimit40;250;321;267;340;0,0;vid2/vid_cmp2.avi;20545;speedLimit_1323817452.avi;7
speedLimit_1323817452.avi_image2.png;speedLimit40;245;317;263;337;0,0;vid2/vid_cmp2.avi;20550;speedLimit_1323817452.avi;12
speedLimit_1323817452.avi_image3.png;speedLimit40;242;315;261;336;0,0;vid2/vid_cmp2.avi;20555;speedLimit_1323817452.avi;17
speedLimit_1323817452.avi_image4.png;speedLimit40;237;314;256;336;0,0;vid2/vid_cmp2.avi;20560;speedLimit_1323817452.avi;22
speedLimit_1323817452.avi_image5.png;speedLimit40;232;312;252;335;0,0;vid2/vid_cmp2.avi;20565;speedLimit_1323817452.avi;27
speedLimit_1323817452.avi_image6.png;speedLimit40;228;312;248;335;0,0;vid2/vid_cmp2.avi;20570;speedLimit_1323817452.avi;32
speedLimit_1323817452.avi_image7.png;speedLimit40;223;311;243;334;0,0;vid2/vid_cmp2.avi;20575;speedLimit_1323817452.avi;37
speedLimit_1323817452.avi_image8.png;speedLimit40;215;308;236;332;0,0;vid2/vid_cmp2.avi;20580;speedLimit_1323817452.avi;42
speedLimit_1323817452.avi_image9.png;speedLimit40;203;304;224;330;0,0;vid2/vid_cmp2.avi;20585;speedLimit_1323817452.avi;47
speedLimit_1323817452.avi_image10.png;speedLimit40;187;300;210;326;0,0;vid2/vid_cmp2.avi;20590;speedLimit_1323817452.avi;52
speedLimit_1323817452.avi_image11.png;speedLimit40;175;296;199;324;0,0;vid2/vid_cmp2.avi;20595;speedLimit_1323817452.avi;57
speedLimit_1323817452.avi_image12.png;speedLimit40;165;296;189;324;0,0;vid2/vid_cmp2.avi;20600;speedLimit_1323817452.avi;62
speedLimit_1323817452.avi_image13.png;speedLimit40;152;296;177;326;0,0;vid2/vid_cmp2.avi;20605;speedLimit_1323817452.avi;67
speedLimit_1323817452.avi_image14.png;speedLimit40;133;296;161;328;0,0;vid2/vid_cmp2.avi;20610;speedLimit_1323817452.avi;72
speedLimit_1323817452.avi_image14.png;signalAhead;378;335;395;350;0,0;vid2/vid_cmp2.avi;20610;speedLimit_1323817452.avi;72
speedLimit_1323817452.avi_image15.png;speedLimit40;112;295;141;329;0,0;vid2/vid_cmp2.avi;20615;speedLimit_1323817452.avi;77
speedLimit_1323817452.avi_image15.png;signalAhead;371;337;388;352;0,0;vid2/vid_cmp2.avi;20615;speedLimit_1323817452.avi;77
speedLimit_1323817452.avi_image16.png;speedLimit40;89;289;120;325;0,0;vid2/vid_cmp2.avi;20620;speedLimit_1323817452.avi;82
speedLimit_1323817452.avi_image16.png;signalAhead;361;333;379;349;0,0;vid2/vid_cmp2.avi;20620;speedLimit_1323817452.avi;82
speedLimit_1323817452.avi_image17.png;speedLimit40;45;275;79;316;0,0;vid2/vid_cmp2.avi;20625;speedLimit_1323817452.avi;87
speedLimit_1323817452.avi_image17.png;signalAhead;347;328;365;344;0,0;vid2/vid_cmp2.avi;20625;speedLimit_1323817452.avi;87
speedLimit_1323817452.avi_image18.png;speedLimit40;32;273;67;316;0,0;vid2/vid_cmp2.avi;20630;speedLimit_1323817452.avi;92
speedLimit_1323817452.avi_image18.png;signalAhead;342;328;361;345;0,0;vid2/vid_cmp2.avi;20630;speedLimit_1323817452.avi;92
speedLimit_1323817452.avi_image19.png;signalAhead;332;331;351;348;0,0;vid2/vid_cmp2.avi;20635;speedLimit_1323817452.avi;97
speedLimit_1323817452.avi_image20.png;signalAhead;322;333;341;350;0,0;vid2/vid_cmp2.avi;20640;speedLimit_1323817452.avi;102
signalAhead_1323817460.avi_image0.png;signalAhead;189;321;216;346;0,0;vid2/vid_cmp2.avi;20690;signalAhead_1323817460.avi;2
signalAhead_1323817460.avi_image1.png;signalAhead;175;322;202;347;0,0;vid2/vid_cmp2.avi;20695;signalAhead_1323817460.avi;7
signalAhead_1323817460.avi_image2.png;signalAhead;161;322;189;348;0,0;vid2/vid_cmp2.avi;20700;signalAhead_1323817460.avi;12
signalAhead_1323817460.avi_image3.png;signalAhead;144;320;173;348;0,0;vid2/vid_cmp2.avi;20705;signalAhead_1323817460.avi;17
signalAhead_1323817460.avi_image4.png;signalAhead;127;315;157;344;0,0;vid2/vid_cmp2.avi;20710;signalAhead_1323817460.avi;22
signalAhead_1323817460.avi_image5.png;signalAhead;97;311;129;343;0,0;vid2/vid_cmp2.avi;20715;signalAhead_1323817460.avi;27
signalAhead_1323817460.avi_image6.png;signalAhead;89;309;122;342;0,0;vid2/vid_cmp2.avi;20720;signalAhead_1323817460.avi;32
signalAhead_1323817460.avi_image7.png;signalAhead;64;305;101;339;0,0;vid2/vid_cmp2.avi;20725;signalAhead_1323817460.avi;37
signalAhead_1323817460.avi_image8.png;signalAhead;41;294;80;332;0,0;vid2/vid_cmp2.avi;20730;signalAhead_1323817460.avi;42
signalAhead_1323817460.avi_image9.png;signalAhead;14;282;54;321;0,0;vid2/vid_cmp2.avi;20735;signalAhead_1323817460.avi;47
signalAhead_1323817542.avi_image3.png;signalAhead;394;301;418;321;0,0;vid2/vid_cmp2.avi;21021;signalAhead_1323817542.avi;17
signalAhead_1323817542.avi_image4.png;signalAhead;401;295;426;316;0,0;vid2/vid_cmp2.avi;21026;signalAhead_1323817542.avi;22
signalAhead_1323817542.avi_image5.png;signalAhead;410;291;436;314;0,0;vid2/vid_cmp2.avi;21031;signalAhead_1323817542.avi;27
signalAhead_1323817542.avi_image6.png;signalAhead;420;288;446;312;0,0;vid2/vid_cmp2.avi;21036;signalAhead_1323817542.avi;32
signalAhead_1323817542.avi_image7.png;signalAhead;432;284;460;309;0,0;vid2/vid_cmp2.avi;21041;signalAhead_1323817542.avi;37
signalAhead_1323817542.avi_image8.png;signalAhead;444;278;474;304;0,0;vid2/vid_cmp2.avi;21046;signalAhead_1323817542.avi;42
signalAhead_1323817542.avi_image9.png;signalAhead;456;272;490;301;0,0;vid2/vid_cmp2.avi;21051;signalAhead_1323817542.avi;47
signalAhead_1323817542.avi_image10.png;signalAhead;474;272;509;302;0,0;vid2/vid_cmp2.avi;21056;signalAhead_1323817542.avi;52
signalAhead_1323817542.avi_image11.png;signalAhead;493;266;532;298;0,0;vid2/vid_cmp2.avi;21061;signalAhead_1323817542.avi;57
signalAhead_1323817542.avi_image12.png;signalAhead;518;259;559;293;0,0;vid2/vid_cmp2.avi;21066;signalAhead_1323817542.avi;62
signalAhead_1323817542.avi_image13.png;signalAhead;546;250;590;286;0,0;vid2/vid_cmp2.avi;21071;signalAhead_1323817542.avi;67
signalAhead_1323817542.avi_image13.png;signalAhead;130;279;163;310;1,0;vid2/vid_cmp2.avi;21071;signalAhead_1323817542.avi;67
signalAhead_1323817542.avi_image14.png;signalAhead;577;239;626;280;0,0;vid2/vid_cmp2.avi;21076;signalAhead_1323817542.avi;72
signalAhead_1323817542.avi_image14.png;signalAhead;121;271;157;305;1,0;vid2/vid_cmp2.avi;21076;signalAhead_1323817542.avi;72
signalAhead_1323817542.avi_image15.png;signalAhead;617;230;667;274;0,0;vid2/vid_cmp2.avi;21081;signalAhead_1323817542.avi;77
signalAhead_1323817542.avi_image15.png;signalAhead;109;265;151;304;1,0;vid2/vid_cmp2.avi;21081;signalAhead_1323817542.avi;77
signalAhead_1323817542.avi_image16.png;signalAhead;90;252;140;298;1,0;vid2/vid_cmp2.avi;21086;signalAhead_1323817542.avi;82
signalAhead_1323817542.avi_image17.png;signalAhead;70;241;126;292;0,0;vid2/vid_cmp2.avi;21091;signalAhead_1323817542.avi;87
keepRight_1323817562.avi_image0.png;keepRight;194;307;220;336;0,0;vid2/vid_cmp2.avi;21461;keepRight_1323817562.avi;2
keepRight_1323817562.avi_image1.png;keepRight;187;306;213;336;0,0;vid2/vid_cmp2.avi;21476;keepRight_1323817562.avi;17
keepRight_1323817562.avi_image2.png;keepRight;182;305;208;336;0,0;vid2/vid_cmp2.avi;21491;keepRight_1323817562.avi;32
keepRight_1323817562.avi_image3.png;keepRight;181;317;208;349;0,0;vid2/vid_cmp2.avi;21506;keepRight_1323817562.avi;47
keepRight_1323817562.avi_image4.png;keepRight;181;322;209;355;0,0;vid2/vid_cmp2.avi;21521;keepRight_1323817562.avi;62
keepRight_1323817562.avi_image5.png;keepRight;181;321;209;354;0,0;vid2/vid_cmp2.avi;21536;keepRight_1323817562.avi;77
keepRight_1323817562.avi_image6.png;keepRight;181;321;209;354;0,0;vid2/vid_cmp2.avi;21551;keepRight_1323817562.avi;92
keepRight_1323817562.avi_image7.png;keepRight;181;321;209;354;1,0;vid2/vid_cmp2.avi;21566;keepRight_1323817562.avi;107
keepRight_1323817562.avi_image10.png;keepRight;181;321;209;354;0,0;vid2/vid_cmp2.avi;21611;keepRight_1323817562.avi;152
keepRight_1323817562.avi_image11.png;keepRight;181;321;209;354;0,0;vid2/vid_cmp2.avi;21626;keepRight_1323817562.avi;167
keepRight_1323817562.avi_image12.png;keepRight;181;321;209;354;0,0;vid2/vid_cmp2.avi;21641;keepRight_1323817562.avi;182
keepRight_1323817562.avi_image13.png;keepRight;181;321;209;354;0,0;vid2/vid_cmp2.avi;21656;keepRight_1323817562.avi;197
keepRight_1323817562.avi_image14.png;keepRight;181;321;209;354;0,0;vid2/vid_cmp2.avi;21671;keepRight_1323817562.avi;212
keepRight_1323817562.avi_image15.png;keepRight;181;321;209;354;0,0;vid2/vid_cmp2.avi;21686;keepRight_1323817562.avi;227
keepRight_1323817562.avi_image16.png;keepRight;181;321;209;354;0,0;vid2/vid_cmp2.avi;21701;keepRight_1323817562.avi;242
keepRight_1323817562.avi_image17.png;keepRight;181;321;209;354;0,0;vid2/vid_cmp2.avi;21716;keepRight_1323817562.avi;257
keepRight_1323817562.avi_image18.png;keepRight;181;321;209;354;0,0;vid2/vid_cmp2.avi;21731;keepRight_1323817562.avi;272
keepRight_1323817562.avi_image19.png;keepRight;177;322;205;355;0,0;vid2/vid_cmp2.avi;21746;keepRight_1323817562.avi;287
keepRight_1323817562.avi_image20.png;keepRight;174;320;202;353;0,0;vid2/vid_cmp2.avi;21761;keepRight_1323817562.avi;302
keepRight_1323817562.avi_image21.png;keepRight;171;320;199;353;0,0;vid2/vid_cmp2.avi;21776;keepRight_1323817562.avi;317
keepRight_1323817562.avi_image22.png;keepRight;171;320;199;353;0,0;vid2/vid_cmp2.avi;21791;keepRight_1323817562.avi;332
keepRight_1323817562.avi_image23.png;keepRight;171;322;199;355;0,0;vid2/vid_cmp2.avi;21806;keepRight_1323817562.avi;347
keepRight_1323817562.avi_image24.png;keepRight;170;327;198;360;0,0;vid2/vid_cmp2.avi;21821;keepRight_1323817562.avi;362
keepRight_1323817562.avi_image25.png;keepRight;165;341;194;375;0,0;vid2/vid_cmp2.avi;21836;keepRight_1323817562.avi;377
keepRight_1323817562.avi_image26.png;keepRight;149;337;179;374;0,0;vid2/vid_cmp2.avi;21851;keepRight_1323817562.avi;392
keepRight_1323817562.avi_image27.png;keepRight;123;336;156;377;0,0;vid2/vid_cmp2.avi;21866;keepRight_1323817562.avi;407
keepRight_1323817562.avi_image28.png;keepRight;87;326;127;371;0,0;vid2/vid_cmp2.avi;21881;keepRight_1323817562.avi;422
keepRight_1323817562.avi_image29.png;keepRight;24;322;75;383;0,0;vid2/vid_cmp2.avi;21896;keepRight_1323817562.avi;437
rightLaneMustTurn_1323817735.avi_image0.png;rightLaneMustTurn;428;271;467;307;0,0;vid2/vid_cmp2.avi;22813;rightLaneMustTurn_1323817735.avi;2
rightLaneMustTurn_1323817735.avi_image1.png;rightLaneMustTurn;437;263;479;303;0,0;vid2/vid_cmp2.avi;22818;rightLaneMustTurn_1323817735.avi;7
rightLaneMustTurn_1323817735.avi_image2.png;rightLaneMustTurn;444;250;492;294;0,0;vid2/vid_cmp2.avi;22823;rightLaneMustTurn_1323817735.avi;12
rightLaneMustTurn_1323817735.avi_image3.png;rightLaneMustTurn;453;242;505;290;0,0;vid2/vid_cmp2.avi;22828;rightLaneMustTurn_1323817735.avi;17
rightLaneMustTurn_1323817735.avi_image4.png;rightLaneMustTurn;464;237;520;290;0,0;vid2/vid_cmp2.avi;22833;rightLaneMustTurn_1323817735.avi;22
rightLaneMustTurn_1323817735.avi_image5.png;rightLaneMustTurn;474;228;537;287;0,0;vid2/vid_cmp2.avi;22838;rightLaneMustTurn_1323817735.avi;27
rightLaneMustTurn_1323817735.avi_image6.png;rightLaneMustTurn;486;213;556;280;0,0;vid2/vid_cmp2.avi;22843;rightLaneMustTurn_1323817735.avi;32
rightLaneMustTurn_1323817735.avi_image7.png;rightLaneMustTurn;500;192;578;267;0,0;vid2/vid_cmp2.avi;22848;rightLaneMustTurn_1323817735.avi;37
rightLaneMustTurn_1323817735.avi_image8.png;rightLaneMustTurn;519;172;606;258;0,0;vid2/vid_cmp2.avi;22853;rightLaneMustTurn_1323817735.avi;42
rightLaneMustTurn_1323817735.avi_image9.png;rightLaneMustTurn;540;150;641;250;0,0;vid2/vid_cmp2.avi;22858;rightLaneMustTurn_1323817735.avi;47
rightLaneMustTurn_1323817735.avi_image10.png;rightLaneMustTurn;570;116;684;233;0,0;vid2/vid_cmp2.avi;22863;rightLaneMustTurn_1323817735.avi;52
stop_1323817816.avi_image2.png;stop;388;293;407;313;0,0;vid2/vid_cmp2.avi;24809;stop_1323817816.avi;12
stop_1323817816.avi_image3.png;stop;388;289;407;309;0,0;vid2/vid_cmp2.avi;24814;stop_1323817816.avi;17
stop_1323817816.avi_image4.png;stop;390;287;411;309;0,0;vid2/vid_cmp2.avi;24819;stop_1323817816.avi;22
stop_1323817816.avi_image5.png;stop;392;284;415;308;0,0;vid2/vid_cmp2.avi;24824;stop_1323817816.avi;27
stop_1323817816.avi_image6.png;stop;394;283;419;308;0,0;vid2/vid_cmp2.avi;24829;stop_1323817816.avi;32
stop_1323817816.avi_image7.png;stop;397;280;422;305;0,0;vid2/vid_cmp2.avi;24834;stop_1323817816.avi;37
stop_1323817816.avi_image8.png;stop;399;271;426;299;0,0;vid2/vid_cmp2.avi;24839;stop_1323817816.avi;42
stop_1323817816.avi_image9.png;stop;402;266;432;294;0,0;vid2/vid_cmp2.avi;24844;stop_1323817816.avi;47
stop_1323817816.avi_image10.png;stop;409;265;440;294;0,0;vid2/vid_cmp2.avi;24849;stop_1323817816.avi;52
stop_1323817816.avi_image11.png;stop;418;256;453;288;0,0;vid2/vid_cmp2.avi;24854;stop_1323817816.avi;57
stop_1323817816.avi_image12.png;stop;421;253;457;287;0,0;vid2/vid_cmp2.avi;24859;stop_1323817816.avi;62
stop_1323817816.avi_image13.png;stop;428;247;467;287;0,0;vid2/vid_cmp2.avi;24864;stop_1323817816.avi;67
stop_1323817816.avi_image14.png;stop;437;241;478;281;0,0;vid2/vid_cmp2.avi;24869;stop_1323817816.avi;72
stop_1323817816.avi_image15.png;stop;446;233;491;275;0,0;vid2/vid_cmp2.avi;24874;stop_1323817816.avi;77
stop_1323817816.avi_image16.png;stop;458;223;506;267;0,0;vid2/vid_cmp2.avi;24879;stop_1323817816.avi;82
stop_1323817816.avi_image17.png;stop;470;213;523;260;0,0;vid2/vid_cmp2.avi;24884;stop_1323817816.avi;87
stop_1323817816.avi_image18.png;stop;483;199;542;254;0,0;vid2/vid_cmp2.avi;24889;stop_1323817816.avi;92
stop_1323817816.avi_image18.png;speedLimitUrdbl;407;291;425;312;0,0;vid2/vid_cmp2.avi;24889;stop_1323817816.avi;92
stop_1323817816.avi_image19.png;stop;498;185;565;245;0,0;vid2/vid_cmp2.avi;24894;stop_1323817816.avi;97
stop_1323817816.avi_image19.png;speedLimitUrdbl;409;289;427;311;0,0;vid2/vid_cmp2.avi;24894;stop_1323817816.avi;97
stop_1323817816.avi_image20.png;stop;516;169;589;235;0,0;vid2/vid_cmp2.avi;24899;stop_1323817816.avi;102
stop_1323817816.avi_image20.png;speedLimitUrdbl;409;288;427;310;0,0;vid2/vid_cmp2.avi;24899;stop_1323817816.avi;102
stop_1323817816.avi_image21.png;stop;536;149;617;224;0,0;vid2/vid_cmp2.avi;24904;stop_1323817816.avi;107
stop_1323817816.avi_image21.png;speedLimitUrdbl;409;286;428;310;0,0;vid2/vid_cmp2.avi;24904;stop_1323817816.avi;107
stop_1323817816.avi_image22.png;stop;561;127;653;211;0,0;vid2/vid_cmp2.avi;24909;stop_1323817816.avi;112
stop_1323817816.avi_image22.png;speedLimitUrdbl;409;286;428;310;0,0;vid2/vid_cmp2.avi;24909;stop_1323817816.avi;112
stop_1323817816.avi_image23.png;stop;591;96;695;191;0,0;vid2/vid_cmp2.avi;24914;stop_1323817816.avi;117
stop_1323817816.avi_image23.png;speedLimitUrdbl;409;282;428;306;0,0;vid2/vid_cmp2.avi;24914;stop_1323817816.avi;117
stop_1323817816.avi_image24.png;speedLimitUrdbl;409;278;429;303;0,0;vid2/vid_cmp2.avi;24919;stop_1323817816.avi;122
speedLimit_1323817827.avi_image0.png;speedLimit35;397;261;426;292;0,0;vid2/vid_cmp2.avi;24974;speedLimit_1323817827.avi;2
speedLimit_1323817827.avi_image1.png;speedLimit35;387;259;417;292;0,0;vid2/vid_cmp2.avi;24979;speedLimit_1323817827.avi;7
speedLimit_1323817827.avi_image2.png;speedLimit35;375;260;405;295;0,0;vid2/vid_cmp2.avi;24984;speedLimit_1323817827.avi;12
speedLimit_1323817827.avi_image3.png;speedLimit35;361;269;391;305;0,0;vid2/vid_cmp2.avi;24989;speedLimit_1323817827.avi;17
speedLimit_1323817827.avi_image4.png;speedLimit35;342;268;372;304;0,0;vid2/vid_cmp2.avi;24994;speedLimit_1323817827.avi;22
speedLimit_1323817827.avi_image5.png;speedLimit35;319;264;349;300;0,0;vid2/vid_cmp2.avi;24999;speedLimit_1323817827.avi;27
speedLimit_1323817827.avi_image6.png;speedLimit35;289;266;321;305;0,0;vid2/vid_cmp2.avi;25004;speedLimit_1323817827.avi;32
speedLimit_1323817827.avi_image7.png;speedLimit35;252;268;284;306;0,0;vid2/vid_cmp2.avi;25009;speedLimit_1323817827.avi;37
speedLimit_1323817827.avi_image8.png;speedLimit35;204;270;239;309;0,0;vid2/vid_cmp2.avi;25014;speedLimit_1323817827.avi;42
speedLimit_1323817827.avi_image9.png;speedLimit35;145;271;181;311;0,0;vid2/vid_cmp2.avi;25019;speedLimit_1323817827.avi;47
speedLimit_1323817827.avi_image10.png;speedLimit35;75;271;111;311;0,0;vid2/vid_cmp2.avi;25024;speedLimit_1323817827.avi;52
stop_1323817842.avi_image0.png;stop;455;295;469;308;1,0;vid2/vid_cmp2.avi;25309;stop_1323817842.avi;2
stop_1323817842.avi_image1.png;stop;466;297;481;311;1,0;vid2/vid_cmp2.avi;25315;stop_1323817842.avi;8
stop_1323817842.avi_image2.png;stop;472;294;488;309;1,0;vid2/vid_cmp2.avi;25321;stop_1323817842.avi;14
stop_1323817842.avi_image3.png;stop;473;292;489;307;1,0;vid2/vid_cmp2.avi;25327;stop_1323817842.avi;20
stop_1323817842.avi_image4.png;stop;469;297;486;314;1,0;vid2/vid_cmp2.avi;25333;stop_1323817842.avi;26
stop_1323817842.avi_image5.png;stop;466;295;483;312;1,0;vid2/vid_cmp2.avi;25339;stop_1323817842.avi;32
stop_1323817842.avi_image6.png;stop;462;292;481;310;1,0;vid2/vid_cmp2.avi;25345;stop_1323817842.avi;38
stop_1323817842.avi_image7.png;stop;457;291;477;310;1,0;vid2/vid_cmp2.avi;25351;stop_1323817842.avi;44
stop_1323817842.avi_image8.png;stop;452;290;473;310;1,0;vid2/vid_cmp2.avi;25357;stop_1323817842.avi;50
stop_1323817842.avi_image9.png;stop;451;288;473;309;1,0;vid2/vid_cmp2.avi;25363;stop_1323817842.avi;56
stop_1323817842.avi_image10.png;stop;453;286;476;308;1,0;vid2/vid_cmp2.avi;25369;stop_1323817842.avi;62
stop_1323817842.avi_image11.png;stop;454;283;478;306;1,0;vid2/vid_cmp2.avi;25375;stop_1323817842.avi;68
stop_1323817842.avi_image12.png;stop;457;280;482;304;1,0;vid2/vid_cmp2.avi;25381;stop_1323817842.avi;74
stop_1323817842.avi_image13.png;stop;463;275;487;299;1,0;vid2/vid_cmp2.avi;25387;stop_1323817842.avi;80
stop_1323817842.avi_image14.png;stop;470;276;494;300;0,0;vid2/vid_cmp2.avi;25393;stop_1323817842.avi;86
stop_1323817842.avi_image15.png;stop;474;274;499;298;0,0;vid2/vid_cmp2.avi;25399;stop_1323817842.avi;92
stop_1323817842.avi_image16.png;stop;478;269;505;294;0,0;vid2/vid_cmp2.avi;25405;stop_1323817842.avi;98
stop_1323817842.avi_image17.png;stop;484;265;513;291;0,0;vid2/vid_cmp2.avi;25411;stop_1323817842.avi;104
stop_1323817842.avi_image18.png;stop;492;262;523;291;0,0;vid2/vid_cmp2.avi;25417;stop_1323817842.avi;110
stop_1323817842.avi_image19.png;stop;502;258;534;289;0,0;vid2/vid_cmp2.avi;25423;stop_1323817842.avi;116
stop_1323817842.avi_image20.png;stop;513;254;547;285;0,0;vid2/vid_cmp2.avi;25429;stop_1323817842.avi;122
stop_1323817842.avi_image21.png;stop;526;248;561;282;0,0;vid2/vid_cmp2.avi;25435;stop_1323817842.avi;128
stop_1323817842.avi_image22.png;stop;538;237;576;273;0,0;vid2/vid_cmp2.avi;25441;stop_1323817842.avi;134
stop_1323817842.avi_image23.png;stop;551;228;593;267;0,0;vid2/vid_cmp2.avi;25447;stop_1323817842.avi;140
stop_1323817842.avi_image24.png;stop;564;223;608;263;0,0;vid2/vid_cmp2.avi;25453;stop_1323817842.avi;146
stop_1323817842.avi_image25.png;stop;577;216;623;259;0,0;vid2/vid_cmp2.avi;25459;stop_1323817842.avi;152
stop_1323817842.avi_image26.png;stop;591;202;644;250;0,0;vid2/vid_cmp2.avi;25465;stop_1323817842.avi;158
stop_1323817842.avi_image27.png;stop;610;189;664;241;0,0;vid2/vid_cmp2.avi;25471;stop_1323817842.avi;164
stop_1323817842.avi_image28.png;stop;630;179;689;238;0,0;vid2/vid_cmp2.avi;25477;stop_1323817842.avi;170
speedLimit_1323817869.avi_image0.png;speedLimitUrdbl;521;308;539;327;0,0;vid2/vid_cmp2.avi;25967;speedLimit_1323817869.avi;2
speedLimit_1323817869.avi_image1.png;speedLimitUrdbl;500;306;518;326;0,0;vid2/vid_cmp2.avi;25972;speedLimit_1323817869.avi;7
speedLimit_1323817869.avi_image2.png;speedLimitUrdbl;478;305;497;326;0,0;vid2/vid_cmp2.avi;25977;speedLimit_1323817869.avi;12
speedLimit_1323817869.avi_image3.png;speedLimitUrdbl;460;303;480;325;0,0;vid2/vid_cmp2.avi;25982;speedLimit_1323817869.avi;17
speedLimit_1323817869.avi_image4.png;speedLimitUrdbl;449;299;469;321;0,0;vid2/vid_cmp2.avi;25987;speedLimit_1323817869.avi;22
speedLimit_1323817869.avi_image5.png;speedLimit25;442;297;463;320;0,0;vid2/vid_cmp2.avi;25992;speedLimit_1323817869.avi;27
speedLimit_1323817869.avi_image6.png;speedLimit25;440;293;461;317;0,0;vid2/vid_cmp2.avi;25997;speedLimit_1323817869.avi;32
speedLimit_1323817869.avi_image7.png;speedLimit25;443;285;464;309;0,0;vid2/vid_cmp2.avi;26002;speedLimit_1323817869.avi;37
speedLimit_1323817869.avi_image8.png;speedLimit25;449;279;472;304;0,0;vid2/vid_cmp2.avi;26007;speedLimit_1323817869.avi;42
speedLimit_1323817869.avi_image9.png;speedLimit25;459;275;483;301;0,0;vid2/vid_cmp2.avi;26012;speedLimit_1323817869.avi;47
speedLimit_1323817869.avi_image10.png;speedLimit25;477;274;501;301;0,0;vid2/vid_cmp2.avi;26017;speedLimit_1323817869.avi;52
speedLimit_1323817869.avi_image11.png;speedLimit25;500;270;525;299;0,0;vid2/vid_cmp2.avi;26022;speedLimit_1323817869.avi;57
speedLimit_1323817869.avi_image12.png;speedLimit25;534;265;560;295;0,0;vid2/vid_cmp2.avi;26027;speedLimit_1323817869.avi;62
speedLimit_1323817869.avi_image13.png;speedLimit25;578;257;606;288;0,0;vid2/vid_cmp2.avi;26032;speedLimit_1323817869.avi;67
speedLimit_1323817869.avi_image14.png;speedLimit25;633;245;662;276;0,0;vid2/vid_cmp2.avi;26037;speedLimit_1323817869.avi;72
